2;Syst�me;Administrateur;admin@eemi.com;password;photo-administrateur.jpg
2;Matis;Baguelin;matis.baguelin@eemi.com;OI?!nureyvr!169;photo-Baguelin.jpg
2;Pierre;Velon;pierre.velon@eemi.com;LePHP123!;photo-Velon.jpeg
2;Maxime;Muigniot;maxime.mugniot@eemi.com;Azerty123!;photo-Muigniot.jpeg
1;Lucie;Lionel;lucie.lionel@gmail.com;Mdp!123ZE;photo-Lucie.jpg
1;Chloe;Vogt;chloe.vogt@eemi.com;Leto156!;photo-Vogt.jpg;
